Region,Year,GDP
Afghanistan,1992,3475000000
Albania,1992,652174990.8
Algeria,1992,48003078389
Andorra,1992,1210013652
Angola,1992,9395000000
Antigua,1992,499281481.5
Argentina,1992,2.29E+11
Armenia,1992,1272835453
Aruba,1992,958463184.4
Australia,1992,3.25E+11
Austria,1992,1.95E+11
Azerbaijan,1992,446305555.6
Bahamas,1992,3109000000
Bahrain,1992,4751063830
Bangladesh,1992,31708874594
Barbados,1992,1957000000
Belarus,1992,12800000000
Belgium,1992,2.35E+11
Belize,1992,518559700
Benin,1992,1695315306
Bermuda,1992,1679900000
Bhutan,1992,240215763.9
Bolivia,1992,5643893347
Bosnia and Herzegovina,1992,4735000000
Botswana,1992,4146513722
Brazil,1992,3.28E+11
Brunei,1992,4183548189
Bulgaria,1992,10350515464
Burkina Faso,1992,3356692518
Burundi,1992,1083037671
Cambodia,1992,2439000000
Cameroon,1992,12071775381
Canada,1992,5.92E+11
Cape Verde,1992,357160985.3
Central African Republic,1992,1411917558
Chad,1992,1881847677
Chile,1992,45964327559
China,1992,4.27E+11
Colombia,1992,58418985443
Comoros,1992,457388578.9
Costa Rica,1992,8564044017
Croatia,1992,12168000000
Cuba,1992,22085858243
Cyprus,1992,6912150456
Czech Republic,1992,34805013230
Democratic Republic of the Congo,1992,8227200892
Denmark,1992,1.53E+11
Djibouti,1992,478058304.9
Dominica,1992,234059259.3
Dominican Republic,1992,11605382504
Ecuador,1992,18094238119
Egypt,1992,41855986519
El Salvador,1992,5813399300
Equatorial Guinea,1992,134707184.4
Eritrea,1992,477101651.6
Estonia,1992,4306000000
Ethiopia,1992,10492993078
Fiji,1992,1532401863
Finland,1992,1.13E+11
France,1992,1.40E+12
Gabon,1992,5592390849
Gambia,1992,714255460.5
Georgia,1992,3690000000
Germany,1992,2.13E+12
Ghana,1992,6413901602
Greece,1992,1.16E+11
Grenada,1992,310160444.4
Guatemala,1992,10440842165
Guinea,1992,3284620543
Guinea-Bissau,1992,226313443.7
Guyana,1992,373573141.5
Haiti,1992,2257121668
Honduras,1992,4943700431
Hong Kong,1992,1.04E+11
Hungary,1992,38730585922
Iceland,1992,7080981669
India,1992,2.88E+11
Indonesia,1992,1.28E+11
Iran,1992,5.01E+10
Iraq,1992,553671957.7
Ireland,1992,55918538121
Israel,1992,7.38E+10
Italy,1992,1.32E+12
Ivory Coast,1992,11152971316
Jamaica,1992,3535460090
Japan,1992,3.91E+12
Jordan,1992,5311329067
Kazakhstan,1992,24917355372
Kenya,1992,8209129172
Kiribati,1992,47737955.35
Kuwait,1992,19858555215
Kyrgyzstan,1992,2316562500
Laos,1992,1127806945
Latvia,1992,1693000000
Lebanon,1992,5843579161
Lesotho,1992,831033941.1
Liberia,1992,224000000
Libya,1992,33881392045
Liechtenstein,1992,1631197909
Lithuania,1992,8562000000
Luxembourg,1992,15518702635
Macedonia,1992,2436849342
Madagascar,1992,3714967007
Malawi,1992,1799517082
Malaysia,1992,59167550163
Maldives,1992,284874919.6
Mali,1992,2830692639
Malta,1992,3021910217
Marshall Islands,1992,91063000
Mauritania,1992,2164292208
Mauritius,1992,3224267548
Mexico,1992,3.63E+11
Micronesia,1992,178100000
Moldova,1992,864000000
Monaco,1992,2737192565
Mongolia,1992,1317611864
Montenegro,1992,1481000000
Morocco,1992,33711069431
Mozambique,1992,2639953231
Myanmar,1992,35595770696
Namibia,1992,3429538534
Nauru,1992,43000000
Nepal,1992,3401211581
Netherlands,1992,3.63E+11
New Zealand,1992,41649829860
Nicaragua,1992,1792800000
Niger,1992,3386232592
Nigeria,1992,47794925815
North Korea,1992,12458000000
Norway,1992,1.31E+11
Oman,1992,12452275683
Pakistan,1992,48884606848
Palau,1992,83000000
Panama,1992,8042337700
Papua New Guinea,1992,4377980510
Paraguay,1992,7157424031
Peru,1992,35966302303
Philippines,1992,60422309297
Poland,1992,94337050693
Portugal,1992,1.08E+11
Puerto Rico,1992,34630430000
Qatar,1992,7646153984
Republic of Congo,1992,2933222714
Romania,1992,25121666667
Russia,1992,4.60E+11
Rwanda,1992,2029026704
Saint Kitts,1992,242137037
Saint Lucia,1992,674074074.1
Saint Vincent,1992,277955555.6
Samoa,1992,132303041.4
San Marino,1992,929000000
Sao Tome and Principe,1992,96000000
Saudi Arabia,1992,1.37E+11
Senegal,1992,7769817869
Serbia,1992,26872000000
Seychelles,1992,433667193.8
Sierra Leone,1992,679997997.6
Singapore,1992,52130263966
Slovakia,1992,15495514297
Slovenia,1992,19271000000
Solomon Islands,1992,269116491.9
Somalia,1992,583000000
South Africa,1992,1.35E+11
South Korea,1992,3.56E+11
Spain,1992,6.31E+11
Sri Lanka,1992,9703011636
Sudan,1992,7034219713
Suriname,1992,404600000
Swaziland,1992,1284766234
Sweden,1992,2.84E+11
Switzerland,1992,2.80E+11
Syria,1992,33107349666
Tajikistan,1992,2156666667
Tanzania,1992,4601413264
Thailand,1992,1.11E+11
Timor-Leste,1992,297000000
Togo,1992,1692959110
Tonga,1992,137066290.6
Trinidad and Tobago,1992,5439552941
Tunisia,1992,15497286296
Turkey,1992,1.58E+11
Turkmenistan,1992,1600000000
Tuvalu,1992,9742949.471
Uganda,1992,2857457860
Ukraine,1992,71900000000
United Arab Emirates,1992,54239171888
United Kingdom,1992,1.18E+12
Uruguay,1992,6.52E+12
USA,1992,12878199881
Uzbekistan,1992,12941297376
Vanuatu,1992,209088824.6
Venezuela,1992,60401798246
Vietnam,1992,9866990236
Yemen,1992,6463649985
Zambia,1992,3181921788
Zimbabwe,1992,6751472200
Afghanistan,1994,2115000000
Albania,1994,1880951520
Algeria,1994,42543178042
Andorra,1994,1017549124
Angola,1994,3390500000
Antigua,1994,589429629.6
Argentina,1994,2.57E+11
Armenia,1994,1315158637
Aruba,1994,1245688268
Australia,1994,3.23E+11
Austria,1994,2.04E+11
Azerbaijan,1994,1193312102
Bahamas,1994,3259000000
Bahrain,1994,5567553457
Bangladesh,1994,33768660883
Barbados,1994,2151344901
Belarus,1994,17793000000
Belgium,1994,2.45E+11
Belize,1994,581269550
Benin,1994,1598075932
Bermuda,1994,1867160100
Bhutan,1994,258985597.7
Bolivia,1994,5981244887
Bosnia and Herzegovina,1994,1255802469
Botswana,1994,4259330999
Brazil,1994,5.25E+11
Brunei,1994,4087337960
Bulgaria,1994,9697416974
Burkina Faso,1994,1895290623
Burundi,1994,925030590.2
Cambodia,1994,2791435272
Cameroon,1994,8902446188
Canada,1994,5.78E+11
Cape Verde,1994,406580652.3
Central African Republic,1994,851174350.6
Chad,1994,1179837955
Chile,1994,57008425296
China,1994,5.64E+11
Colombia,1994,81703500846
Comoros,1994,319189200.4
Costa Rica,1994,10486784805
Croatia,1994,17237000000
Cuba,1994,28448326757
Cyprus,1994,7425703929
Czech Republic,1994,47850203856
Democratic Republic of the Congo,1994,5840529412
Denmark,1994,1.56E+11
Djibouti,1994,491689220.7
Dominica,1994,264374074.1
Dominican Republic,1994,14644711385
Ecuador,1994,22708673337
Egypt,1994,51897983393
El Salvador,1994,7679384000
Equatorial Guinea,1994,100807001.8
Eritrea,1994,531688311.7
Estonia,1994,2507000000
Ethiopia,1994,6927950565
Fiji,1994,1825763268
Finland,1994,1.03E+11
France,1994,1.39E+12
Gabon,1994,4190819314
Gambia,1994,746491692.6
Georgia,1994,2514070772
Germany,1994,2.21E+12
Ghana,1994,5444560669
Greece,1994,1.17E+11
Grenada,1994,325111814.8
Guatemala,1994,12983235568
Guinea,1994,3383092828
Guinea-Bissau,1994,235620043.5
Guyana,1994,540874934.2
Haiti,1994,2167564195
Honduras,1994,4642280682
Hong Kong,1994,1.36E+11
Hungary,1994,43166678735
Iceland,1994,6389460286
India,1994,3.27E+11
Indonesia,1994,1.77E+11
Iran,1994,71841461173
Iraq,1994,3991349283
Ireland,1994,57097656066
Israel,1994,84688000000
Italy,1994,1.10E+12
Ivory Coast,1994,8313557450
Jamaica,1994,5452564385
Japan,1994,5.00E+12
Jordan,1994,6237739516
Kazakhstan,1994,21250792886
Kenya,1994,7148145376
Kiribati,1994,54832577.86
Kuwait,1994,24848483838
Kyrgyzstan,1994,1681006993
Laos,1994,1543606345
Latvia,1994,4530000000
Lebanon,1994,9599127050
Lesotho,1994,878250450.6
Liberia,1994,132000000
Libya,1994,28607921929
Liechtenstein,1994,1948118228
Lithuania,1994,8383000000
Luxembourg,1994,17701798891
Macedonia,1994,3559607241
Madagascar,1994,3522226903
Malawi,1994,1181802596
Malaysia,1994,74478356958
Maldives,1994,356013395.7
Mali,1994,2081864106
Malta,1994,2998570147
Marshall Islands,1994,108071000
Mauritania,1994,1944876755
Mauritius,1994,3558137040
Mexico,1994,5.28E+11
Micronesia,1994,202500000
Moldova,1994,1158000000
Monaco,1994,2720310019
Mongolia,1994,925817092.2
Montenegro,1994,846000000
Morocco,1994,35604137423
Mozambique,1994,2796549978
Myanmar,1994,68807734001
Namibia,1994,3666501464
Nauru,1994,37000000
Nepal,1994,4066775510
Netherlands,1994,3.79E+11
New Zealand,1994,55314732279
Nicaragua,1994,3863185119
Niger,1994,1938058161
Nigeria,1994,33833042988
North Korea,1994,8307000000
Norway,1994,1.27E+11
Oman,1994,12918855657
Pakistan,1994,52293456906
Palau,1994,84000000
Panama,1994,9365289800
Papua New Guinea,1994,5502786070
Paraguay,1994,7870982005
Peru,1994,44882079767
Philippines,1994,73159245524
Poland,1994,1.11E+11
Portugal,1994,99688641304
Puerto Rico,1994,39690630000
Qatar,1994,7374450769
Republic of Congo,1994,1769365425
Romania,1994,30074440483
Russia,1994,3.95E+11
Rwanda,1994,753636370.5
Saint Kitts,1994,295159259.3
Saint Lucia,1994,713703703.7
Saint Vincent,1994,289437037
Samoa,1994,221098106.5
San Marino,1994,895000000
Sao Tome and Principe,1994,132000000
Saudi Arabia,1994,1.35E+11
Senegal,1994,5034588159
Serbia,1994,20249000000
Seychelles,1994,486451204.6
Sierra Leone,1994,911915970.7
Singapore,1994,73690847191
Slovakia,1994,20162936291
Slovenia,1994,16845000000
Solomon Islands,1994,402868080.5
Somalia,1994,1126000000
South Africa,1994,1.54E+11
South Korea,1994,4.64E+11
Spain,1994,5.31E+11
Sri Lanka,1994,11717604209
Sudan,1994,12794192334
Suriname,1994,605492537.3
Swaziland,1994,1419293455
Sweden,1994,2.29E+11
Switzerland,1994,3.02E+11
Syria,1994,45086948775
Tajikistan,1994,1518796992
Tanzania,1994,4510846968
Thailand,1994,1.47E+11
Timor-Leste,1994,388000000
Togo,1994,982624324.5
Tonga,1994,195990986.2
Trinidad and Tobago,1994,4947205860
Tunisia,1994,15632463424
Turkey,1994,1.31E+11
Turkmenistan,1994,2564705882
Tuvalu,1994,10886825.56
Uganda,1994,3990430447
Ukraine,1994,52543387167
United Arab Emirates,1994,59305093980
United Kingdom,1994,1.14E+12
Uruguay,1994,7.29E+12
USA,1994,17474647792
Uzbekistan,1994,12899156991
Vanuatu,1994,233701301.5
Venezuela,1994,58418666667
Vietnam,1994,16286433533
Yemen,1994,4167356037
Zambia,1994,3656647744
Zimbabwe,1994,6890675000
Afghanistan,1996,3124000000
Albania,1996,3199641336
Algeria,1996,46941582519
Andorra,1996,1223945357
Angola,1996,7526963964
Antigua,1996,633729629.6
Argentina,1996,2.72E+11
Armenia,1996,1596968946
Aruba,1996,1379960894
Australia,1996,4.01E+11
Austria,1996,2.37E+11
Azerbaijan,1996,3176333837
Bahamas,1996,3609000000
Bahrain,1996,6101861436
Bangladesh,1996,46438484108
Barbados,1996,2363645403
Belarus,1996,14756846154
Belgium,1996,2.79E+11
Belize,1996,641660000
Benin,1996,2361116588
Bermuda,1996,2695390000
Bhutan,1996,303435517.9
Bolivia,1996,7396966657
Bosnia and Herzegovina,1996,2786045322
Botswana,1996,4847752843
Brazil,1996,8.50E+11
Brunei,1996,5115602837
Bulgaria,1996,12294221473
Burkina Faso,1996,2586550747
Burundi,1996,869033856.3
Cambodia,1996,3506695720
Cameroon,1996,11093539497
Canada,1996,6.29E+11
Cape Verde,1996,501979069.3
Central African Republic,1996,1007791186
Chad,1996,1607345450
Chile,1996,78039572222
China,1996,8.64E+11
Colombia,1996,97160109278
Comoros,1996,396053797.6
Costa Rica,1996,11678424507
Croatia,1996,24075166261
Cuba,1996,25017368700
Cyprus,1996,10011918444
Czech Republic,1996,67387788633
Democratic Republic of the Congo,1996,5772020526
Denmark,1996,1.88E+11
Djibouti,1996,494004647.7
Dominica,1996,292285185.2
Dominican Republic,1996,18241691857
Ecuador,1996,25226393197
Egypt,1996,67629716981
El Salvador,1996,9586327800
Equatorial Guinea,1996,232463036.4
Eritrea,1996,693535954.2
Estonia,1996,4786018988
Ethiopia,1996,8547939731
Fiji,1996,2128696644
Finland,1996,1.32E+11
France,1996,1.61E+12
Gabon,1996,5694040337
Gambia,1996,848237108.6
Georgia,1996,3095047604
Germany,1996,2.50E+12
Ghana,1996,6934984709
Greece,1996,1.46E+11
Grenada,1996,366911444.4
Guatemala,1996,15674835615
Guinea,1996,3868968302
Guinea-Bissau,1996,270419779.4
Guyana,1996,705406001.4
Haiti,1996,2907514523
Honduras,1996,5215028986
Hong Kong,1996,1.60E+11
Hungary,1996,46658755152
Iceland,1996,7426081278
India,1996,3.93E+11
Indonesia,1996,2.27E+11
Iran,1996,1.20E+11
Iraq,1996,10433698621
Ireland,1996,75790786290
Israel,1996,1.10E+11
Italy,1996,1.31E+12
Ivory Coast,1996,18071153890
Jamaica,1996,7393883555
Japan,1996,4.92E+12
Jordan,1996,6928359238
Kazakhstan,1996,21035368251
Kenya,1996,12045858436
Kiribati,1996,66515376.79
Kuwait,1996,31493319973
Kyrgyzstan,1996,1827570586
Laos,1996,1873671550
Latvia,1996,5975248851
Lebanon,1996,13690217333
Lesotho,1996,946123275.9
Liberia,1996,159000000
Libya,1996,27884615385
Liechtenstein,1996,2504033252
Lithuania,1996,8382519637
Luxembourg,1996,20895314658
Macedonia,1996,4642018354
Madagascar,1996,4931861239
Malawi,1996,2281034131
Malaysia,1996,1.01E+11
Maldives,1996,450382328
Mali,1996,2780435257
Malta,1996,3822882801
Marshall Islands,1996,110858000
Mauritania,1996,2132081882
Mauritius,1996,4421943910
Mexico,1996,4.11E+11
Micronesia,1996,218534700
Moldova,1996,1695122174
Monaco,1996,3137673291
Mongolia,1996,1345719472
Montenegro,1996,874000000
Morocco,1996,43161452678
Mozambique,1996,3856799844
Myanmar,1996,1.19E+11
Namibia,1996,3989208662
Nauru,1996,34000000
Nepal,1996,4521580381
Netherlands,1996,4.50E+11
New Zealand,1996,70140835299
Nicaragua,1996,4308351903
Niger,1996,2405687081
Nigeria,1996,51075815093
North Korea,1996,10588000000
Norway,1996,1.64E+11
Oman,1996,15277763329
Pakistan,1996,63320122807
Palau,1996,108000000
Panama,1996,9870494000
Papua New Guinea,1996,5155311077
Paraguay,1996,9788391781
Peru,1996,55252414130
Philippines,1996,94648084429
Poland,1996,1.60E+11
Portugal,1996,1.23E+11
Puerto Rico,1996,45340835000
Qatar,1996,9059340385
Republic of Congo,1996,2540697688
Romania,1996,36937074278
Russia,1996,3.92E+11
Rwanda,1996,1382334879
Saint Kitts,1996,333944444.4
Saint Lucia,1996,788888888.9
Saint Vincent,1996,331488888.9
Samoa,1996,249908970.7
San Marino,1996,1174000000
Sao Tome and Principe,1996,136000000
Saudi Arabia,1996,1.59E+11
Senegal,1996,6559712551
Serbia,1996,21818007449
Seychelles,1996,503068472.2
Sierra Leone,1996,941742152.7
Singapore,1996,96295886525
Slovakia,1996,27925036755
Slovenia,1996,21507232649
Solomon Islands,1996,510598923.3
Somalia,1996,1260000000
South Africa,1996,1.63E+11
South Korea,1996,6.10E+11
Spain,1996,6.43E+11
Sri Lanka,1996,13897738375
Sudan,1996,9018243044
Suriname,1996,861411471.3
Swaziland,1996,1602760100
Sweden,1996,2.92E+11
Switzerland,1996,3.40E+11
Syria,1996,61546280624
Tajikistan,1996,1043654822
Tanzania,1996,6496195451
Thailand,1996,1.83E+11
Timor-Leste,1996,511000000
Togo,1996,1465448290
Tonga,1996,222100576.3
Trinidad and Tobago,1996,5759537726
Tunisia,1996,19587322786
Turkey,1996,1.81E+11
Turkmenistan,1996,2378759975
Tuvalu,1996,12334846.23
Uganda,1996,6044585327
Ukraine,1996,44558075977
United Arab Emirates,1996,73571233996
United Kingdom,1996,1.42E+12
Uruguay,1996,8.07E+12
USA,1996,20515543039
Uzbekistan,1996,13948892216
Vanuatu,1996,261370044.5
Venezuela,1996,70543211119
Vietnam,1996,24657470575
Yemen,1996,5785685311
Zambia,1996,3597220962
Zimbabwe,1996,8553146600
Afghanistan,1998,2912000000
Albania,1998,2545964541
Algeria,1998,48187747529
Andorra,1998,1211932398
Angola,1998,6506619145
Antigua,1998,727859259.3
Argentina,1998,2.99E+11
Armenia,1998,1893726437
Aruba,1998,1665100559
Australia,1998,3.99E+11
Austria,1998,2.18E+11
Azerbaijan,1998,4446368571
Bahamas,1998,6833220000
Bahrain,1998,6183776596
Bangladesh,1998,49984559471
Barbados,1998,2817083478
Belarus,1998,15264369565
Belgium,1998,2.59E+11
Belize,1998,689140000
Benin,1998,2455092582
Bermuda,1998,3130748000
Bhutan,1998,363452787.2
Bolivia,1998,8497545598
Bosnia and Herzegovina,1998,4116699437
Botswana,1998,4790458837
Brazil,1998,8.64E+11
Brunei,1998,4051147228
Bulgaria,1998,15030695297
Burkina Faso,1998,2804902248
Burundi,1998,893770806.1
Cambodia,1998,3120425503
Cameroon,1998,11298144512
Canada,1998,6.34E+11
Cape Verde,1998,521910560.5
Central African Republic,1998,967338348.7
Chad,1998,1744794457
Chile,1998,81577430181
China,1998,1.03E+12
Colombia,1998,98443739941
Comoros,1998,370106776
Costa Rica,1998,13684255947
Croatia,1998,25792876644
Cuba,1998,25736331200
Cyprus,1998,10248617647
Czech Republic,1998,66807429711
Democratic Republic of the Congo,1998,6215716712
Denmark,1998,1.77E+11
Djibouti,1998,514267869.3
Dominica,1998,322411111.1
Dominican Republic,1998,21672231761
Ecuador,1998,27981896948
Egypt,1998,84828807556
El Salvador,1998,10936669900
Equatorial Guinea,1998,370687618.7
Eritrea,1998,745526154.9
Estonia,1998,5674080543
Ethiopia,1998,7818224906
Fiji,1998,1653160862
Finland,1998,1.34E+11
France,1998,1.50E+12
Gabon,1998,4483417120
Gambia,1998,840285264.6
Georgia,1998,3613541517
Germany,1998,2.24E+12
Ghana,1998,7480968858
Greece,1998,1.44E+11
Grenada,1998,445903592.6
Guatemala,1998,19395491993
Guinea,1998,3588375477
Guinea-Bissau,1998,206457544.5
Guyana,1998,717530683.2
Haiti,1998,3723909227
Honduras,1998,6366340266
Hong Kong,1998,1.69E+11
Hungary,1998,48706787306
Iceland,1998,8503693099
India,1998,4.21E+11
Indonesia,1998,95445547873
Iran,1998,1.10E+11
Iraq,1998,20617405044
Ireland,1998,90199410116
Israel,1998,1.16E+11
Italy,1998,1.27E+12
Ivory Coast,1998,19619653924
Jamaica,1998,8787195622
Japan,1998,4.10E+12
Jordan,1998,7912327362
Kazakhstan,1998,22135254836
Kenya,1998,14093998844
Kiribati,1998,65334841.06
Kuwait,1998,25939960630
Kyrgyzstan,1998,1645963750
Laos,1998,1280177839
Latvia,1998,7166275468
Lebanon,1998,17247179006
Lesotho,1998,928458206
Liberia,1998,360000000
Libya,1998,27249786142
Liechtenstein,1998,2479721341
Lithuania,1998,11239547691
Luxembourg,1998,20150053345
Macedonia,1998,3765747305
Madagascar,1998,4401967499
Malawi,1998,1750584265
Malaysia,1998,72167498981
Maldives,1998,540096397.6
Mali,1998,2920367497
Malta,1998,4010571223
Marshall Islands,1998,112279400
Mauritania,1998,2032345832
Mauritius,1998,4169664285
Mexico,1998,5.27E+11
Micronesia,1998,218873100
Moldova,1998,1698717505
Monaco,1998,2934498443
Mongolia,1998,1124440249
Montenegro,1998,859000000
Morocco,1998,41806219379
Mozambique,1998,5263877520
Myanmar,1998,2.14E+11
Namibia,1998,3873098656
Nauru,1998,24000000
Nepal,1998,4856255044
Netherlands,1998,4.38E+11
New Zealand,1998,56227169851
Nicaragua,1998,4635267225
Niger,1998,2643363407
Nigeria,1998,54604050168
North Korea,1998,10273000000
Norway,1998,1.54E+11
Oman,1998,13996914596
Pakistan,1998,62191955814
Palau,1998,117000000
Panama,1998,11575486400
Papua New Guinea,1998,3789443015
Paraguay,1998,9260481572
Peru,1998,55501467877
Philippines,1998,74492325247
Poland,1998,1.75E+11
Portugal,1998,1.24E+11
Puerto Rico,1998,54086400000
Qatar,1998,10255495027
Republic of Congo,1998,1949481297
Romania,1998,41694118973
Russia,1998,2.71E+11
Rwanda,1998,1989343495
Saint Kitts,1998,383257331.4
Saint Lucia,1998,877407407.4
Saint Vincent,1998,373618518.5
Samoa,1998,269481523.2
San Marino,1998,1189000000
Sao Tome and Principe,1998,73000000
Saudi Arabia,1998,1.47E+11
Senegal,1998,6505607633
Serbia,1998,19457979423
Seychelles,1998,608369282.2
Sierra Leone,1998,672375927.3
Singapore,1998,85728310229
Slovakia,1998,29856000671
Slovenia,1998,22146231968
Solomon Islands,1998,457679209.2
Somalia,1998,1926000000
South Africa,1998,1.53E+11
South Korea,1998,3.83E+11
Spain,1998,6.19E+11
Sri Lanka,1998,15794972847
Sudan,1998,11250327988
Suriname,1998,1110850000
Swaziland,1998,1576904292
Sweden,1998,2.71E+11
Switzerland,1998,3.04E+11
Syria,1998,70418173719
Tajikistan,1998,1320242081
Tanzania,1998,12270448700
Thailand,1998,1.14E+11
Timor-Leste,1998,543000000
Togo,1998,1587345951
Tonga,1998,191504892.8
Trinidad and Tobago,1998,6043694330
Tunisia,1998,21803372267
Turkey,1998,2.76E+11
Turkmenistan,1998,2605660026
Tuvalu,1998,12757632.87
Uganda,1998,6584815847
Ukraine,1998,41883241478
United Arab Emirates,1998,75674336283
United Kingdom,1998,1.65E+12
Uruguay,1998,9.06E+12
USA,1998,25385928189
Uzbekistan,1998,14988971211
Vanuatu,1998,262293410.7
Venezuela,1998,91331203433
Vietnam,1998,27209602050
Yemen,1998,6325141676
Zambia,1998,3537683046
Zimbabwe,1998,6401968200
Afghanistan,2000,3532000000
Albania,2000,3480355258
Algeria,2000,54790392746
Andorra,2000,1429049198
Angola,2000,9129634978
Antigua,2000,826370370.4
Argentina,2000,2.84E+11
Armenia,2000,1911563669
Aruba,2000,1873452514
Australia,2000,4.16E+11
Austria,2000,1.97E+11
Azerbaijan,2000,5272798391
Bahamas,2000,8076470000
Bahrain,2000,9062898936
Bangladesh,2000,53369787319
Barbados,2000,3059500000
Belarus,2000,12738912134
Belgium,2000,2.36E+11
Belize,2000,832072450
Benin,2000,3519991326
Bermuda,2000,3480219000
Bhutan,2000,424464089.9
Bolivia,2000,8397912509
Bosnia and Herzegovina,2000,5567405599
Botswana,2000,5788329609
Brazil,2000,6.55E+11
Brunei,2000,6001153306
Bulgaria,2000,13245833844
Burkina Faso,2000,2968369991
Burundi,2000,870486065.9
Cambodia,2000,3654031716
Cameroon,2000,10566578953
Canada,2000,7.45E+11
Cape Verde,2000,539227277.6
Central African Republic,2000,914500299.1
Chad,2000,1388506727
Chile,2000,77860932152
China,2000,1.21E+12
Colombia,2000,99886577331
Comoros,2000,351136568.4
Costa Rica,2000,15013629659
Croatia,2000,21839780971
Cuba,2000,30565400000
Cyprus,2000,9985844486
Czech Republic,2000,61828166496
Democratic Republic of the Congo,2000,19088046306
Denmark,2000,1.64E+11
Djibouti,2000,551230861.9
Dominica,2000,333470370.4
Dominican Republic,2000,24305717542
Ecuador,2000,18327764882
Egypt,2000,99838543960
El Salvador,2000,11784927700
Equatorial Guinea,2000,1045998496
Eritrea,2000,706370815.6
Estonia,2000,5686579748
Ethiopia,2000,8242392104
Fiji,2000,1678239218
Finland,2000,1.26E+11
France,2000,1.36E+12
Gabon,2000,5080483464
Gambia,2000,782915402.4
Georgia,2000,3057475335
Germany,2000,1.94E+12
Ghana,2000,4983024408
Greece,2000,1.30E+11
Grenada,2000,520044370.4
Guatemala,2000,19288827159
Guinea,2000,2995361141
Guinea-Bissau,2000,371095510
Guyana,2000,712667896.7
Haiti,2000,6813577558
Honduras,2000,7103826902
Hong Kong,2000,1.72E+11
Hungary,2000,47218405892
Iceland,2000,9025660362
India,2000,4.68E+11
Indonesia,2000,1.65E+11
Iran,2000,1.10E+11
Iraq,2000,48364250944
Ireland,2000,99958806891
Israel,2000,1.32E+11
Italy,2000,1.14E+12
Ivory Coast,2000,16577533355
Jamaica,2000,9005064475
Japan,2000,4.97E+12
Jordan,2000,8460424401
Kazakhstan,2000,18291994909
Kenya,2000,12705357103
Kiribati,2000,67254174.4
Kuwait,2000,37712842243
Kyrgyzstan,2000,1369688498
Laos,2000,1731198022
Latvia,2000,7958852839
Lebanon,2000,17260364842
Lesotho,2000,887295267.9
Liberia,2000,874000000
Libya,2000,38270206950
Liechtenstein,2000,2483953103
Lithuania,2000,11524776867
Luxembourg,2000,21177470978
Macedonia,2000,3772857145
Madagascar,2000,4629247091
Malawi,2000,1743506531
Malaysia,2000,93789736842
Maldives,2000,624337145.3
Mali,2000,2961476518
Malta,2000,4069515579
Marshall Islands,2000,115347500
Mauritania,2000,1779523344
Mauritius,2000,4663313620
Mexico,2000,7.08E+11
Micronesia,2000,233271800
Moldova,2000,1288429392
Monaco,2000,2647885849
Mongolia,2000,1136896124
Montenegro,2000,984297589.4
Morocco,2000,38857251336
Mozambique,2000,5656473652
Myanmar,2000,3.70E+11
Namibia,2000,3922247990
Nauru,2000,22000000
Nepal,2000,5494252208
Netherlands,2000,4.16E+11
New Zealand,2000,52623281957
Nicaragua,2000,5107329007
Niger,2000,2241753120
Nigeria,2000,69448756933
North Korea,2000,10608000000
Norway,2000,1.71E+11
Oman,2000,19507452508
Pakistan,2000,82017743416
Palau,2000,146297500
Panama,2000,12304115000
Papua New Guinea,2000,3521339699
Paraguay,2000,8855705140
Peru,2000,51744749133
Philippines,2000,83669693589
Poland,2000,1.72E+11
Portugal,2000,1.18E+11
Puerto Rico,2000,61701800000
Qatar,2000,17759890110
Republic of Congo,2000,3227927593
Romania,2000,37253259017
Russia,2000,2.60E+11
Rwanda,2000,2067528500
Saint Kitts,2000,421695769.8
Saint Lucia,2000,932592592.6
Saint Vincent,2000,396262963
Samoa,2000,269019710.3
San Marino,2000,1005159388
Sao Tome and Principe,2000,77000000
Saudi Arabia,2000,1.90E+11
Senegal,2000,6013184809
Serbia,2000,6875845987
Seychelles,2000,614879764.8
Sierra Leone,2000,635874002.2
Singapore,2000,96074477958
Slovakia,2000,29169953013
Slovenia,2000,20289627637
Solomon Islands,2000,419933580.9
Somalia,2000,2052000000
South Africa,2000,1.52E+11
South Korea,2000,5.76E+11
Spain,2000,5.97E+11
Sri Lanka,2000,16330814180
Sudan,2000,12257418326
Suriname,2000,947671969.7
Swaziland,2000,1738100853
Sweden,2000,2.63E+11
Switzerland,2000,2.80E+11
Syria,2000,80590022272
Tajikistan,2000,860521119.3
Tanzania,2000,13375976354
Thailand,2000,1.26E+11
Timor-Leste,2000,367087900
Togo,2000,1491891108
Tonga,2000,204849612.6
Trinidad and Tobago,2000,8154338233
Tunisia,2000,21473261837
Turkey,2000,2.74E+11
Turkmenistan,2000,2904732773
Tuvalu,2000,13742057.05
Uganda,2000,6193246837
Ukraine,2000,32375280321
United Arab Emirates,2000,1.04E+11
United Kingdom,2000,1.66E+12
Uruguay,2000,22823255802
USA,2000,1.03E+13
Uzbekistan,2000,13760513969
Vanuatu,2000,272014693.1
Venezuela,2000,1.17E+11
Vietnam,2000,31172518403
Yemen,2000,9652436180
Zambia,2000,3600683040
Zimbabwe,2000,6689957600
Afghanistan,2002,4055179566
Albania,2002,4348068242
Algeria,2002,56760355865
Andorra,2002,1755910032
Angola,2002,15285594828
Antigua,2002,814381481.5
Argentina,2002,97724004252
Armenia,2002,2376335048
Aruba,2002,1941340782
Australia,2002,3.95E+11
Austria,2002,2.13E+11
Azerbaijan,2002,6235856820
Bahamas,2002,8881160000
Bahrain,2002,9593510638
Bangladesh,2002,54724081491
Barbados,2002,3106500000
Belarus,2002,14594249023
Belgium,2002,2.57E+11
Belize,2002,925197950
Benin,2002,4194342849
Bermuda,2002,3937228000
Bhutan,2002,520849551.5
Bolivia,2002,7905485216
Bosnia and Herzegovina,2002,6728771314
Botswana,2002,5438857107
Brazil,2002,5.10E+11
Brunei,2002,5843329108
Bulgaria,2002,16402846413
Burkina Faso,2002,3622350204
Burundi,2002,825394490.2
Cambodia,2002,4284028483
Cameroon,2002,12417251816
Canada,2002,7.61E+11
Cape Verde,2002,620974660.2
Central African Republic,2002,991387870.1
Chad,2002,1997005787
Chile,2002,69736811435
China,2002,1.47E+12
Colombia,2002,97963003805
Comoros,2002,425964697.4
Costa Rica,2002,16578820687
Croatia,2002,27074550258
Cuba,2002,33590500000
Cyprus,2002,11420227885
Czech Republic,2002,82196001051
Democratic Republic of the Congo,2002,8728038525
Denmark,2002,1.79E+11
Djibouti,2002,591122039.6
Dominica,2002,333196296.3
Dominican Republic,2002,27137508657
Ecuador,2002,28548945000
Egypt,2002,85146067416
El Salvador,2002,12664190300
Equatorial Guinea,2002,1806742742
Eritrea,2002,729321366.7
Estonia,2002,7367975888
Ethiopia,2002,7850809498
Fiji,2002,1833279985
Finland,2002,1.40E+11
France,2002,1.49E+12
Gabon,2002,5335451308
Gambia,2002,578236035.1
Georgia,2002,3395728014
Germany,2002,2.07E+12
Ghana,2002,6166330136
Greece,2002,1.54E+11
Grenada,2002,540336925.9
Guatemala,2002,20444205991
Guinea,2002,2950198649
Guinea-Bissau,2002,417806667.1
Guyana,2002,726131434.7
Haiti,2002,6058134467
Honduras,2002,7775251510
Hong Kong,2002,1.66E+11
Hungary,2002,67608919144
Iceland,2002,9318395055
India,2002,5.15E+11
Indonesia,2002,1.96E+11
Iran,2002,1.29E+11
Iraq,2002,32928454672
Ireland,2002,1.28E+11
Israel,2002,1.21E+11
Italy,2002,1.27E+12
Ivory Coast,2002,18054384023
Jamaica,2002,9719017926
Japan,2002,4.18E+12
Jordan,2002,9582453032
Kazakhstan,2002,24636593223
Kenya,2002,13147743911
Kiribati,2002,72196457.68
Kuwait,2002,38137545245
Kyrgyzstan,2002,1605643105
Laos,2002,1758176653
Latvia,2002,9557031605
Lebanon,2002,19152238806
Lesotho,2002,775780697.7
Liberia,2002,927000000
Libya,2002,20481889764
Liechtenstein,2002,2688630823
Lithuania,2002,14259781159
Luxembourg,2002,23537637869
Macedonia,2002,4018365247
Madagascar,2002,5351701534
Malawi,2002,3495748398
Malaysia,2002,1.01E+11
Maldives,2002,897031250
Mali,2002,3908139487
Malta,2002,4470446391
Marshall Islands,2002,131738200
Mauritania,2002,1777058593
Mauritius,2002,4841310240
Mexico,2002,7.72E+11
Micronesia,2002,242517200
Moldova,2002,1661818168
Monaco,2002,2968987019
Mongolia,2002,1396555720
Montenegro,2002,1284685051
Morocco,2002,42236836821
Mozambique,2002,5677003239
Myanmar,2002,6.83E+11
Namibia,2002,3349184760
Nauru,2002,19000000
Nepal,2002,6050875807
Netherlands,2002,4.72E+11
New Zealand,2002,66627729311
Nicaragua,2002,5224213018
Niger,2002,2782192987
Nigeria,2002,95385819321
North Korea,2002,10910000000
Norway,2002,1.96E+11
Oman,2002,20142756175
Pakistan,2002,79904985385
Palau,2002,163184900
Panama,2002,12994310400
Papua New Guinea,2002,2999511040
Paraguay,2002,7196260657
Peru,2002,54777553515
Philippines,2002,84307291974
Poland,2002,1.99E+11
Portugal,2002,1.34E+11
Puerto Rico,2002,71623500000
Qatar,2002,19363736264
Republic of Congo,2002,3034251042
Romania,2002,46066101951
Russia,2002,3.45E+11
Rwanda,2002,1964779921
Saint Kitts,2002,481077373.7
Saint Lucia,2002,900000000
Saint Vincent,2002,461885185.2
Samoa,2002,288078881.4
San Marino,2002,1168269231
Sao Tome and Principe,2002,85171308.17
Saudi Arabia,2002,1.90E+11
Senegal,2002,7006402592
Serbia,2002,17120906918
Seychelles,2002,697518248.2
Sierra Leone,2002,1253340520
Singapore,2002,92537752709
Slovakia,2002,35130340674
Slovenia,2002,23489890274
Solomon Islands,2002,346431958.3
Somalia,2002,1219000000
South Africa,2002,1.29E+11
South Korea,2002,6.27E+11
Spain,2002,7.05E+11
Sri Lanka,2002,16536535647
Sudan,2002,18136839087
Suriname,2002,1093574468
Swaziland,2002,1432228125
Sweden,2002,2.67E+11
Switzerland,2002,3.10E+11
Syria,2002,90558485523
Tajikistan,2002,1221120799
Tanzania,2002,14142035080
Thailand,2002,1.34E+11
Timor-Leste,2002,469506700
Togo,2002,1706698099
Tonga,2002,182763693.9
Trinidad and Tobago,2002,9008273721
Tunisia,2002,23142153760
Turkey,2002,2.40E+11
Turkmenistan,2002,4461978499
Tuvalu,2002,15450994.24
Uganda,2002,6178563591
Ukraine,2002,43956369917
United Arab Emirates,2002,1.10E+11
United Kingdom,2002,1.78E+12
Uruguay,2002,13606494599
USA,2002,1.09E+13
Uzbekistan,2002,9687788513
Vanuatu,2002,262596597.8
Venezuela,2002,92893587734
Vietnam,2002,35064105501
Yemen,2002,10694628092
Zambia,2002,4193845678
Zimbabwe,2002,6342116400
Afghanistan,2004,5226778809
Albania,2004,7184685782
Algeria,2004,85332581189
Andorra,2004,2894921778
Angola,2004,23552052408
Antigua,2004,919729629.6
Argentina,2004,1.65E+11
Armenia,2004,3576615240
Aruba,2004,2228491620
Australia,2004,6.14E+11
Austria,2004,3.01E+11
Azerbaijan,2004,8680370408
Bahamas,2004,9055290000
Bahrain,2004,13150159574
Bangladesh,2004,65108544250
Barbados,2004,3444500000
Belarus,2004,23144351852
Belgium,2004,3.69E+11
Belize,2004,1051386600
Benin,2004,6190270756
Bermuda,2004,4484703000
Bhutan,2004,682523857
Bolivia,2004,8773451739
Bosnia and Herzegovina,2004,10157553968
Botswana,2004,8957467707
Brazil,2004,6.69E+11
Brunei,2004,7872333215
Bulgaria,2004,26157894737
Burkina Faso,2004,5451688868
Burundi,2004,915257323.4
Cambodia,2004,5337833248
Cameroon,2004,18826215278
Canada,2004,1.03E+12
Cape Verde,2004,924318490.8
Central African Republic,2004,1270080251
Chad,2004,4422855929
Chile,2004,99210392858
China,2004,1.96E+12
Colombia,2004,1.17E+11
Comoros,2004,633706149.3
Costa Rica,2004,18610594846
Croatia,2004,41958833541
Cuba,2004,38203000000
Cyprus,2004,17320552500
Czech Republic,2004,1.20E+11
Democratic Republic of the Congo,2004,10297483481
Denmark,2004,2.51E+11
Djibouti,2004,666072101.8
Dominica,2004,367200000
Dominican Republic,2004,22322395368
Ecuador,2004,36591661000
Egypt,2004,78782467532
El Salvador,2004,13724810900
Equatorial Guinea,2004,4410764339
Eritrea,2004,1109054005
Estonia,2004,12145911801
Ethiopia,2004,10131187261
Fiji,2004,2708078477
Finland,2004,1.97E+11
France,2004,2.12E+12
Gabon,2004,7770219480
Gambia,2004,961900106.9
Georgia,2004,5125365192
Germany,2004,2.81E+12
Ghana,2004,8881368538
Greece,2004,2.41E+11
Grenada,2004,599118592.6
Guatemala,2004,23577286227
Guinea,2004,3635458133
Guinea-Bissau,2004,532062927.4
Guyana,2004,787814379.2
Haiti,2004,6036959915
Honduras,2004,8772169959
Hong Kong,2004,1.69E+11
Hungary,2004,1.04E+11
Iceland,2004,13825302536
India,2004,7.09E+11
Indonesia,2004,2.57E+11
Iran,2004,1.90E+11
Iraq,2004,36627901762
Ireland,2004,1.94E+11
Israel,2004,1.36E+11
Italy,2004,1.80E+12
Ivory Coast,2004,23510577108
Jamaica,2004,10174664854
Japan,2004,4.89E+12
Jordan,2004,11411390409
Kazakhstan,2004,43151647003
Kenya,2004,16095337094
Kiribati,2004,102367039.3
Kuwait,2004,59439090601
Kyrgyzstan,2004,2211534585
Laos,2004,2366398120
Latvia,2004,14435700533
Lebanon,2004,21159827992
Lesotho,2004,1511236656
Liberia,2004,897000000
Libya,2004,33122307692
Liechtenstein,2004,3454362686
Lithuania,2004,22627507452
Luxembourg,2004,35000480507
Macedonia,2004,5682788267
Madagascar,2004,5064732716
Malawi,2004,3476094499
Malaysia,2004,1.25E+11
Maldives,2004,1226829563
Mali,2004,5454228771
Malta,2004,6098092551
Marshall Islands,2004,132440200
Mauritania,2004,2362501023
Mauritius,2004,6578844486
Mexico,2004,7.82E+11
Micronesia,2004,240236000
Moldova,2004,2598249556
Monaco,2004,4137913500
Mongolia,2004,1992066808
Montenegro,2004,2073234418
Morocco,2004,59626020162
Mozambique,2004,7631120533
Myanmar,2004,1.43E+12
Namibia,2004,6609198833
Nauru,2004,32000000
Nepal,2004,7273938315
Netherlands,2004,6.57E+11
New Zealand,2004,1.04E+11
Nicaragua,2004,5795568205
Niger,2004,3760443966
Nigeria,2004,1.36E+11
North Korea,2004,11168000000
Norway,2004,2.65E+11
Oman,2004,24763713001
Pakistan,2004,1.08E+11
Palau,2004,165186200
Panama,2004,15013381700
Papua New Guinea,2004,3927157867
Paraguay,2004,9624440836
Peru,2004,66768703498
Philippines,2004,95002028505
Poland,2004,2.55E+11
Portugal,2004,1.89E+11
Puerto Rico,2004,80322313000
Qatar,2004,31734065934
Republic of Congo,2004,4656975223
Romania,2004,74972669057
Russia,2004,5.91E+11
Rwanda,2004,2375281627
Saint Kitts,2004,506900000
Saint Lucia,2004,1066666667
Saint Vincent,2004,521974074.1
Samoa,2004,420320176.4
San Marino,2004,1723750000
Sao Tome and Principe,2004,114582561.6
Saudi Arabia,2004,2.59E+11
Senegal,2004,10076817278
Serbia,2004,26141968161
Seychelles,2004,839319927.3
Sierra Leone,2004,1448536631
Singapore,2004,1.15E+11
Slovakia,2004,57332015148
Slovenia,2004,34414784504
Solomon Islands,2004,397611126.7
Somalia,2004,1984000000
South Africa,2004,2.56E+11
South Korea,2004,7.93E+11
Spain,2004,1.07E+12
Sri Lanka,2004,20662525941
Sudan,2004,26645490675
Suriname,2004,1484092538
Swaziland,2004,2770082792
Sweden,2004,3.85E+11
Switzerland,2004,4.06E+11
Syria,2004,1.13E+11
Tajikistan,2004,2076182461
Tanzania,2004,16675948415
Thailand,2004,1.73E+11
Timor-Leste,2004,440764600
Togo,2004,2259992642
Tonga,2004,230657965.5
Trinidad and Tobago,2004,13280275123
Tunisia,2004,31183059012
Turkey,2004,4.09E+11
Turkmenistan,2004,6838351088
Tuvalu,2004,21534931.61
Uganda,2004,7939487474
Ukraine,2004,67220154164
United Arab Emirates,2004,1.48E+11
United Kingdom,2004,2.42E+12
Uruguay,2004,13686329890
USA,2004,1.22E+13
Uzbekistan,2004,12030023548
Vanuatu,2004,364996869.1
Venezuela,2004,1.12E+11
Vietnam,2004,45427854693
Yemen,2004,13872791659
Zambia,2004,6221077675
Zimbabwe,2004,5805598400
Afghanistan,2006,6971285595
Albania,2006,8896072919
Algeria,2006,1.17E+11
Andorra,2006,3456442103
Angola,2006,52381006892
Antigua,2006,1157662963
Argentina,2006,2.33E+11
Armenia,2006,6384451606
Aruba,2006,2424581006
Australia,2006,7.48E+11
Austria,2006,3.36E+11
Azerbaijan,2006,20982986344
Bahamas,2006,10167250000
Bahrain,2006,18504760638
Bangladesh,2006,71819083684
Barbados,2006,4217500000
Belarus,2006,36954312354
Belgium,2006,4.08E+11
Belize,2006,1210603750
Benin,2006,7034111651
Bermuda,2006,6144000000
Bhutan,2006,874989895.6
Bolivia,2006,11451869165
Bosnia and Herzegovina,2006,12864610863
Botswana,2006,10137883299
Brazil,2006,1.11E+12
Brunei,2006,11470703002
Bulgaria,2006,34379808889
Burkina Faso,2006,6547420134
Burundi,2006,1273375020
Cambodia,2006,7274595707
Cameroon,2006,20910513975
Canada,2006,1.32E+12
Cape Verde,2006,1107891063
Central African Republic,2006,1460561215
Chad,2006,7428701809
Chile,2006,1.55E+11
China,2006,2.75E+12
Colombia,2006,1.62E+11
Comoros,2006,698431827.7
Costa Rica,2006,22715540324
Croatia,2006,50860788253
Cuba,2006,52742800000
Cyprus,2006,20072786351
Czech Republic,2006,1.56E+11
Democratic Republic of the Congo,2006,14451902468
Denmark,2006,2.83E+11
Djibouti,2006,768873684
Dominica,2006,390251851.9
Dominican Republic,2006,37879869898
Ecuador,2006,46802044000
Egypt,2006,1.07E+11
El Salvador,2006,15999890000
Equatorial Guinea,2006,10086528699
Eritrea,2006,1211161880
Estonia,2006,17022870405
Ethiopia,2006,15280861835
Fiji,2006,3076305453
Finland,2006,2.17E+11
France,2006,2.32E+12
Gabon,2006,10327598801
Gambia,2006,1054113427
Georgia,2006,7745394293
Germany,2006,2.99E+12
Ghana,2006,20440893017
Greece,2006,2.73E+11
Grenada,2006,698700666.7
Guatemala,2006,29744368111
Guinea,2006,4220019243
Guinea-Bissau,2006,592365688.1
Guyana,2006,2379818383
Haiti,2006,7518107787
Honduras,2006,10841724917
Hong Kong,2006,1.94E+11
Hungary,2006,1.16E+11
Iceland,2006,17465318552
India,2006,9.40E+11
Indonesia,2006,3.65E+11
Iran,2006,2.66E+11
Iraq,2006,65140147197
Ireland,2006,2.32E+11
Israel,2006,1.54E+11
Italy,2006,1.95E+12
Ivory Coast,2006,25281414473
Jamaica,2006,11930171468
Japan,2006,4.60E+12
Jordan,2006,15056929760
Kazakhstan,2006,81003884545
Kenya,2006,25825524821
Kiribati,2006,110234939.8
Kuwait,2006,1.02E+11
Kyrgyzstan,2006,2834168889
Laos,2006,3455031448
Latvia,2006,21570076499
Lebanon,2006,22022709852
Lesotho,2006,1800105590
Liberia,2006,1119000000
Libya,2006,54961936663
Liechtenstein,2006,4000239273
Lithuania,2006,30183575104
Luxembourg,2006,42874225317
Macedonia,2006,6861222332
Madagascar,2006,6395712392
Malawi,2006,3998020177
Malaysia,2006,1.63E+11
Maldives,2006,1575200391
Mali,2006,6905876385
Malta,2006,6778324050
Marshall Islands,2006,141515800
Mauritania,2006,3919577286
Mauritius,2006,7028803366
Mexico,2006,9.75E+11
Micronesia,2006,253541900
Moldova,2006,3408244549
Monaco,2006,4582988333
Mongolia,2006,3414055566
Montenegro,2006,2721903149
Morocco,2006,68640825481
Mozambique,2006,9176889070
Myanmar,2006,2.47E+12
Namibia,2006,8001779551
Nauru,2006,29000000
Nepal,2006,9043715356
Netherlands,2006,7.33E+11
New Zealand,2006,1.12E+11
Nicaragua,2006,6763418646
Niger,2006,4756361480
Nigeria,2006,2.36E+11
North Korea,2006,13764000000
Norway,2006,3.46E+11
Oman,2006,37215779656
Pakistan,2006,1.37E+11
Palau,2006,192382400
Panama,2006,18141666300
Papua New Guinea,2006,8355006707
Paraguay,2006,13429430050
Peru,2006,88643193062
Philippines,2006,1.28E+11
Poland,2006,3.45E+11
Portugal,2006,2.09E+11
Puerto Rico,2006,87276164400
Qatar,2006,60882142857
Republic of Congo,2006,8065134528
Romania,2006,1.22E+11
Russia,2006,9.90E+11
Rwanda,2006,3317951468
Saint Kitts,2006,644411111.1
Saint Lucia,2006,1268319185
Saint Vincent,2006,610929629.6
Samoa,2006,505832439.8
San Marino,2006,1908167106
Sao Tome and Principe,2006,142775597.3
Saudi Arabia,2006,3.77E+11
Senegal,2006,11697918803
Serbia,2006,32482070360
Seychelles,2006,1016418229
Sierra Leone,2006,1885112202
Singapore,2006,1.49E+11
Slovakia,2006,70708098106
Slovenia,2006,39481045038
Solomon Islands,2006,538668769.3
Somalia,2006,2390000000
South Africa,2006,3.04E+11
South Korea,2006,1.05E+12
Spain,2006,1.26E+12
Sri Lanka,2006,28279814925
Sudan,2006,45264519503
Suriname,2006,2626380435
Swaziland,2006,3291353836
Sweden,2006,4.23E+11
Switzerland,2006,4.44E+11
Syria,2006,1.54E+11
Tajikistan,2006,2830220713
Tanzania,2006,18649590248
Thailand,2006,2.22E+11
Timor-Leste,2006,453805100
Togo,2006,2351584608
Tonga,2006,292232117.1
Trinidad and Tobago,2006,18369361094
Tunisia,2006,34377310293
Turkey,2006,5.57E+11
Turkmenistan,2006,10276674365
Tuvalu,2006,22902861.45
Uganda,2006,9977647645
Ukraine,2006,1.12E+11
United Arab Emirates,2006,2.22E+11
United Kingdom,2006,2.72E+12
Uruguay,2006,19579457966
USA,2006,1.38E+13
Uzbekistan,2006,17330833853
Vanuatu,2006,439376794.1
Venezuela,2006,1.83E+11
Vietnam,2006,66371664817
Yemen,2006,19061978586
Zambia,2006,12756858899
Zimbabwe,2006,5443896500
Afghanistan,2008,10109305183
Albania,2008,12881353508
Algeria,2008,1.71E+11
Andorra,2008,4085630584
Angola,2008,88538611205
Antigua,2008,1370070370
Argentina,2008,3.62E+11
Armenia,2008,11662040714
Aruba,2008,2745251397
Australia,2008,1.06E+12
Austria,2008,4.30E+11
Azerbaijan,2008,48852482960
Bahamas,2008,10526000000
Bahrain,2008,25710904255
Bangladesh,2008,91631278239
Barbados,2008,4785000000
Belarus,2008,60763483146
Belgium,2008,5.15E+11
Belize,2008,1351338650
Benin,2008,9787735426
Bermuda,2008,6980000000
Bhutan,2008,1227808791
Bolivia,2008,16674324634
Bosnia and Herzegovina,2008,19112739398
Botswana,2008,10945070442
Brazil,2008,1.70E+12
Brunei,2008,14393099069
Bulgaria,2008,54438966420
Burkina Faso,2008,9451436359
Burundi,2008,1611835902
Cambodia,2008,10351914093
Cameroon,2008,27715144580
Canada,2008,1.55E+12
Cape Verde,2008,1789333749
Central African Republic,2008,1985240986
Chad,2008,10393834721
Chile,2008,1.80E+11
China,2008,4.59E+12
Colombia,2008,2.42E+11
Comoros,2008,915659192.8
Costa Rica,2008,30801744881
Croatia,2008,70750646248
Cuba,2008,60806300000
Cyprus,2008,27844698989
Czech Republic,2008,2.37E+11
Democratic Republic of the Congo,2008,19788515874
Denmark,2008,3.53E+11
Djibouti,2008,999105339.3
Dominica,2008,458188888.9
Dominican Republic,2008,48122547177
Ecuador,2008,61762635000
Egypt,2008,1.63E+11
El Salvador,2008,17986890000
Equatorial Guinea,2008,19749893536
Eritrea,2008,1380188800
Estonia,2008,24341678629
Ethiopia,2008,27066912635
Fiji,2008,3523185920
Finland,2008,2.85E+11
France,2008,2.92E+12
Gabon,2008,15571349776
Gambia,2008,1561763437
Georgia,2008,12795076469
Germany,2008,3.73E+12
Ghana,2008,28678701891
Greece,2008,3.54E+11
Grenada,2008,825976037
Guatemala,2008,38503862831
Guinea,2008,6964179194
Guinea-Bissau,2008,868154708.5
Guyana,2008,3025187924
Haiti,2008,10485225353
Honduras,2008,13789443623
Hong Kong,2008,2.19E+11
Hungary,2008,1.58E+11
Iceland,2008,18074622987
India,2008,1.20E+12
Indonesia,2008,5.10E+11
Iran,2008,4.12E+11
Iraq,2008,1.32E+11
Ireland,2008,2.74E+11
Israel,2008,2.17E+11
Italy,2008,2.40E+12
Ivory Coast,2008,34078243426
Jamaica,2008,13709402085
Japan,2008,5.11E+12
Jordan,2008,22657662393
Kazakhstan,2008,1.33E+11
Kenya,2008,35895153328
Kiribati,2008,141042610.3
Kuwait,2008,1.47E+11
Kyrgyzstan,2008,5139957785
Laos,2008,5446434032
Latvia,2008,35854274229
Lebanon,2008,29118916106
Lesotho,2008,1766825413
Liberia,2008,1726000000
Libya,2008,87140405361
Liechtenstein,2008,5081432924
Lithuania,2008,47797551588
Luxembourg,2008,58604890874
Macedonia,2008,9909548411
Madagascar,2008,10725137931
Malawi,2008,5321012192
Malaysia,2008,2.31E+11
Maldives,2008,2271646188
Mali,2008,9838404005
Malta,2008,9090406767
Marshall Islands,2008,151898900
Mauritania,2008,5206444407
Mauritius,2008,9990370016
Mexico,2008,1.11E+12
Micronesia,2008,263145100
Moldova,2008,6054849885
Monaco,2008,6476490406
Mongolia,2008,5623216449
Montenegro,2008,4545674528
Morocco,2008,92507257784
Mozambique,2008,12556195189
Myanmar,2008,4.88E+12
Namibia,2008,8607475308
Nauru,2008,37000000
Nepal,2008,12545438605
Netherlands,2008,9.48E+11
New Zealand,2008,1.33E+11
Nicaragua,2008,8496946608
Niger,2008,7297600897
Nigeria,2008,3.39E+11
North Korea,2008,13337000000
Norway,2008,4.62E+11
Oman,2008,60905452458
Pakistan,2008,1.70E+11
Palau,2008,198283900
Panama,2008,25155888616
Papua New Guinea,2008,11670840932
Paraguay,2008,24616537618
Peru,2008,1.21E+11
Philippines,2008,1.82E+11
Poland,2008,5.34E+11
Portugal,2008,2.62E+11
Puerto Rico,2008,93639300000
Qatar,2008,1.15E+11
Republic of Congo,2008,11602893043
Romania,2008,2.14E+11
Russia,2008,1.66E+12
Rwanda,2008,5177015141
Saint Kitts,2008,751233333.3
Saint Lucia,2008,1437731111
Saint Vincent,2008,695429629.6
Samoa,2008,619260721.6
San Marino,2008,2393437820
Sao Tome and Principe,2008,188021190.6
Saudi Arabia,2008,5.20E+11
Senegal,2008,16853991177
Serbia,2008,52194221469
Seychelles,2008,967199594
Sierra Leone,2008,2505458705
Singapore,2008,1.94E+11
Slovakia,2008,1.00E+11
Slovenia,2008,55552509155
Solomon Islands,2008,699157191
Somalia,2008,2600000000
South Africa,2008,3.16E+11
South Korea,2008,1.05E+12
Spain,2008,1.63E+12
Sri Lanka,2008,40713812310
Sudan,2008,64831935604
Suriname,2008,3532969035
Swaziland,2008,3294093485
Sweden,2008,5.18E+11
Switzerland,2008,5.70E+11
Syria,2008,2.18E+11
Tajikistan,2008,5161337336
Tanzania,2008,27941177435
Thailand,2008,2.91E+11
Timor-Leste,2008,648492700
Togo,2008,3323677130
Tonga,2008,344428609
Trinidad and Tobago,2008,27871587350
Tunisia,2008,44860969077
Turkey,2008,7.70E+11
Turkmenistan,2008,19271523179
Tuvalu,2008,30290219.76
Uganda,2008,14440404021
Ukraine,2008,1.88E+11
United Arab Emirates,2008,3.15E+11
United Kingdom,2008,2.94E+12
Uruguay,2008,30366213119
USA,2008,1.47E+13
Uzbekistan,2008,29549438884
Vanuatu,2008,590748237
Venezuela,2008,3.16E+11
Vietnam,2008,99130304099
Yemen,2008,26910851362
Zambia,2008,17910858638
Zimbabwe,2008,4415702800
Afghanistan,2010,15856678596
Albania,2010,11926922829
Algeria,2010,1.61E+11
Andorra,2010,3449966857
Angola,2010,83799496611
Antigua,2010,1148700000
Argentina,2010,4.24E+11
Armenia,2010,9260284938
Aruba,2010,2390502793
Australia,2010,1.15E+12
Austria,2010,3.92E+11
Azerbaijan,2010,52909294792
Bahamas,2010,10095760000
Bahrain,2010,25713271277
Bangladesh,2010,1.15E+11
Barbados,2010,4530000000
Belarus,2010,57222490769
Belgium,2010,4.81E+11
Belize,2010,1377177100
Benin,2010,9535344283
Bermuda,2010,6634526000
Bhutan,2010,1547991318
Bolivia,2010,19649631314
Bosnia and Herzegovina,2010,17176781046
Botswana,2010,12786654498
Brazil,2010,2.21E+12
Brunei,2010,13707370737
Bulgaria,2010,50682061053
Burkina Faso,2010,10109618964
Burundi,2010,2032135247
Cambodia,2010,11242275199
Cameroon,2010,27507499709
Canada,2010,1.62E+12
Cape Verde,2010,1664310770
Central African Republic,2010,2142591376
Chad,2010,10668102735
Chile,2010,2.19E+11
China,2010,6.09E+12
Colombia,2010,2.87E+11
Comoros,2010,907978723.5
Costa Rica,2010,37658614803
Croatia,2010,60426018629
Cuba,2010,64328000000
Cyprus,2010,25732432719
Czech Republic,2010,2.09E+11
Democratic Republic of the Congo,2010,21565720044
Denmark,2010,3.22E+11
Djibouti,2010,1128611700
Dominica,2010,493825925.9
Dominican Republic,2010,53860175556
Ecuador,2010,69555367000
Egypt,2010,2.19E+11
El Salvador,2010,18447920000
Equatorial Guinea,2010,16314443429
Eritrea,2010,1589515447
Estonia,2010,19523477326
Ethiopia,2010,29933790334
Fiji,2010,3140508836
Finland,2010,2.49E+11
France,2010,2.64E+12
Gabon,2010,14372591916
Gambia,2010,1543292393
Georgia,2010,12243505583
Germany,2010,3.40E+12
Ghana,2010,32197272797
Greece,2010,2.97E+11
Grenada,2010,771013259.3
Guatemala,2010,40676432029
Guinea,2010,6853467858
Guinea-Bissau,2010,849878424.2
Guyana,2010,3432913073
Haiti,2010,11859315079
Honduras,2010,15729649159
Hong Kong,2010,2.29E+11
Hungary,2010,1.32E+11
Iceland,2010,13751161918
India,2010,1.68E+12
Indonesia,2010,7.55E+11
Iran,2010,4.87E+11
Iraq,2010,1.39E+11
Ireland,2010,2.22E+11
Israel,2010,2.35E+11
Italy,2010,2.13E+12
Ivory Coast,2010,34936305297
Jamaica,2010,13220556883
Japan,2010,5.76E+12
Jordan,2010,27133804225
Kazakhstan,2010,1.48E+11
Kenya,2010,45405587557
Kiribati,2010,156120439.3
Kuwait,2010,1.15E+11
Kyrgyzstan,2010,4794357795
Laos,2010,7131773633
Latvia,2010,23956163077
Lebanon,2010,38443907042
Lesotho,2010,2234731974
Liberia,2010,1998000000
Libya,2010,74773444901
Liechtenstein,2010,5082366478
Lithuania,2010,37128694028
Luxembourg,2010,56159192758
Macedonia,2010,9407168702
Madagascar,2010,9982711338
Malawi,2010,6959655571
Malaysia,2010,2.55E+11
Maldives,2010,2588176055
Mali,2010,10689167195
Malta,2010,9035932122
Marshall Islands,2010,160407100
Mauritania,2010,5628882266
Mauritius,2010,10003670690
Mexico,2010,1.06E+12
Micronesia,2010,296944100
Moldova,2010,6974960345
Monaco,2010,5367625613
Mongolia,2010,7189481824
Montenegro,2010,4143033276
Morocco,2010,93216746662
Mozambique,2010,11104648673
Myanmar,2010,6.57E+12
Namibia,2010,11431334447
Nauru,2010,47564520.39
Nepal,2010,16002656434
Netherlands,2010,8.47E+11
New Zealand,2010,1.47E+11
Nicaragua,2010,8758592272
Niger,2010,7851191899
Nigeria,2010,3.61E+11
North Korea,2010,13945000000
Norway,2010,4.29E+11
Oman,2010,56913065779
Pakistan,2010,1.77E+11
Palau,2010,185943000
Panama,2010,29440287581
Papua New Guinea,2010,14250755231
Paraguay,2010,27237782850
Peru,2010,1.48E+11
Philippines,2010,2.08E+11
Poland,2010,4.80E+11
Portugal,2010,2.38E+11
Puerto Rico,2010,98381300000
Qatar,2010,1.25E+11
Republic of Congo,2010,13135580695
Romania,2010,1.66E+11
Russia,2010,1.52E+12
Rwanda,2010,6121234529
Saint Kitts,2010,760170370.4
Saint Lucia,2010,1486758037
Saint Vincent,2010,681225925.9
Samoa,2010,663155955
San Marino,2010,1881214371
Sao Tome and Principe,2010,196652514.3
Saudi Arabia,2010,5.28E+11
Senegal,2010,16121314671
Serbia,2010,41819468692
Seychelles,2010,969936525.3
Sierra Leone,2010,2578026297
Singapore,2010,2.40E+11
Slovakia,2010,90712671901
Slovenia,2010,48161250405
Solomon Islands,2010,846797693.6
Somalia,2010,1093000000
South Africa,2010,4.17E+11
South Korea,2010,1.14E+12
Spain,2010,1.42E+12
Sri Lanka,2010,56725749222
Sudan,2010,58962978034
Suriname,2010,4368398048
Swaziland,2010,4438778424
Sweden,2010,4.96E+11
Switzerland,2010,6.03E+11
Syria,2010,2.53E+11
Tajikistan,2010,5642178580
Tanzania,2010,32014249841
Thailand,2010,3.41E+11
Timor-Leste,2010,881827800
Togo,2010,3429461495
Tonga,2010,366840012.4
Trinidad and Tobago,2010,22157948396
Tunisia,2010,46206331261
Turkey,2010,7.77E+11
Turkmenistan,2010,22583157895
Tuvalu,2010,31823518.62
Uganda,2010,26673441667
Ukraine,2010,1.41E+11
United Arab Emirates,2010,2.90E+11
United Kingdom,2010,2.49E+12
Uruguay,2010,40284481652
USA,2010,1.50E+13
Uzbekistan,2010,49765676402
Vanuatu,2010,670713208.1
Venezuela,2010,3.93E+11
Vietnam,2010,1.16E+11
Yemen,2010,30906749533
Zambia,2010,20265559484
Zimbabwe,2010,12041655200
Afghanistan,2012,19907317066
Albania,2012,12319830437
Algeria,2012,2.09E+11
Andorra,2012,3188808943
Angola,2012,1.28E+11
Antigua,2012,1199948148
Argentina,2012,5.46E+11
Armenia,2012,10619320049
Aruba,2012,2534636872
Australia,2012,1.55E+12
Austria,2012,4.09E+11
Azerbaijan,2012,69683935845
Bahamas,2012,10720500000
Bahrain,2012,30749308511
Bangladesh,2012,1.33E+11
Barbados,2012,4610000000
Belarus,2012,65685102555
Belgium,2012,4.96E+11
Belize,2012,1522897506
Benin,2012,11141358945
Bermuda,2012,6378188000
Bhutan,2012,1781281282
Bolivia,2012,27084497483
Bosnia and Herzegovina,2012,17221192466
Botswana,2012,14380004175
Brazil,2012,2.47E+12
Brunei,2012,19047940301
Bulgaria,2012,54300857424
Burkina Faso,2012,12561016091
Burundi,2012,2333308099
Cambodia,2012,14054443213
Cameroon,2012,30155064574
Canada,2012,1.83E+12
Cape Verde,2012,1741809809
Central African Republic,2012,2510126699
Chad,2012,12367363678
Chile,2012,2.67E+11
China,2012,8.53E+12
Colombia,2012,3.71E+11
Comoros,2012,1015843369
Costa Rica,2012,47231651863
Croatia,2012,57192346923
Cuba,2012,73141000000
Cyprus,2012,24978513427
Czech Republic,2012,2.09E+11
Democratic Republic of the Congo,2012,29306235826
Denmark,2012,3.27E+11
Djibouti,2012,1353632942
Dominica,2012,485996296.3
Dominican Republic,2012,60681537196
Ecuador,2012,87924544000
Egypt,2012,2.79E+11
El Salvador,2012,21386150000
Equatorial Guinea,2012,22388344124
Eritrea,2012,2260000000
Estonia,2012,23020466785
Ethiopia,2012,43310721414
Fiji,2012,3972012571
Finland,2012,2.58E+11
France,2012,2.68E+12
Gabon,2012,17170465294
Gambia,2012,1415006238
Georgia,2012,16488403076
Germany,2012,3.53E+12
Ghana,2012,41270954737
Greece,2012,2.42E+11
Grenada,2012,799882259.3
Guatemala,2012,49593961142
Guinea,2012,7638045254
Guinea-Bissau,2012,989271229.6
Guyana,2012,4063089192
Haiti,2012,13708926466
Honduras,2012,18400538859
Hong Kong,2012,2.63E+11
Hungary,2012,1.29E+11
Iceland,2012,14751508134
India,2012,1.83E+12
Indonesia,2012,9.18E+11
Iran,2012,5.99E+11
Iraq,2012,2.18E+11
Ireland,2012,2.26E+11
Israel,2012,2.58E+11
Italy,2012,2.09E+12
Ivory Coast,2012,36302305578
Jamaica,2012,14807086889
Japan,2012,6.27E+12
Jordan,2012,31634561690
Kazakhstan,2012,2.08E+11
Kenya,2012,56396706006
Kiribati,2012,190243432.8
Kuwait,2012,1.74E+11
Kyrgyzstan,2012,6605139933
Laos,2012,10192848926
Latvia,2012,28169902669
Lebanon,2012,44035991893
Lesotho,2012,2477702253
Liberia,2012,2791614000
Libya,2012,81873662519
Liechtenstein,2012,5456009385
Lithuania,2012,42927454291
Luxembourg,2012,59779802783
Macedonia,2012,9745251126
Madagascar,2012,11578974888
Malawi,2012,6028487929
Malaysia,2012,3.14E+11
Maldives,2012,2886170572
Mali,2012,12442036265
Malta,2012,9462238211
Marshall Islands,2012,180436300
Mauritania,2012,6728208836
Mauritius,2012,11668685524
Mexico,2012,1.20E+12
Micronesia,2012,327248700
Moldova,2012,8709165249
Monaco,2012,5743029680
Mongolia,2012,12292770631
Montenegro,2012,4087725813
Morocco,2012,98266306615
Mozambique,2012,16350804543
Myanmar,2012,1.14E+11
Namibia,2012,13042007432
Nauru,2012,96927201.48
Nepal,2012,21703106502
Netherlands,2012,8.39E+11
New Zealand,2012,1.76E+11
Nicaragua,2012,10532006608
Niger,2012,9426913349
Nigeria,2012,4.56E+11
North Korea,2012,15907000000
Norway,2012,5.10E+11
Oman,2012,76511069704
Pakistan,2012,2.24E+11
Palau,2012,212397800
Panama,2012,40429734384
Papua New Guinea,2012,21295659244
Paraguay,2012,33296438306
Peru,2012,1.93E+11
Philippines,2012,2.62E+11
Poland,2012,4.99E+11
Portugal,2012,2.16E+11
Puerto Rico,2012,1.02E+11
Qatar,2012,1.87E+11
Republic of Congo,2012,17693924573
Romania,2012,1.71E+11
Russia,2012,2.21E+12
Rwanda,2012,7650300320
Saint Kitts,2012,800414814.8
Saint Lucia,2012,1605146778
Saint Vincent,2012,692933333.3
Samoa,2012,760319276
San Marino,2012,1604779648
Sao Tome and Principe,2012,250680845.7
Saudi Arabia,2012,7.36E+11
Senegal,2012,17660871726
Serbia,2012,43309252921
Seychelles,2012,1060226126
Sierra Leone,2012,3801862611
Singapore,2012,2.95E+11
Slovakia,2012,94258572686
Slovenia,2012,46580457470
Solomon Islands,2012,1190994127
Somalia,2012,3611000000
South Africa,2012,4.34E+11
South Korea,2012,1.28E+12
Spain,2012,1.32E+12
Sri Lanka,2012,68434409315
Sudan,2012,37632919967
Suriname,2012,4980000000
Swaziland,2012,4886533033
Sweden,2012,5.52E+11
Switzerland,2012,6.92E+11
Syria,2012,42807315976
Tajikistan,2012,7633049792
Tanzania,2012,39650530214
Thailand,2012,3.98E+11
Timor-Leste,2012,1160389500
Togo,2012,3873308389
Tonga,2012,470714083.4
Trinidad and Tobago,2012,25763220107
Tunisia,2012,47311196335
Turkey,2012,8.81E+11
Turkmenistan,2012,35164210526
Tuvalu,2012,37671774.69
Uganda,2012,27305915761
Ukraine,2012,1.83E+11
United Arab Emirates,2012,3.75E+11
United Kingdom,2012,2.72E+12
Uruguay,2012,51264390116
USA,2012,1.62E+13
Uzbekistan,2012,67517349212
Vanuatu,2012,747839697.7
Venezuela,2012,3.81E+11
Vietnam,2012,1.56E+11
Yemen,2012,35401341663
Zambia,2012,25503060420
Zimbabwe,2012,17114849900
Afghanistan,2014,20497126770
Albania,2014,13228147516
Algeria,2014,2.14E+11
Andorra,2014,3271808157
Angola,2014,1.46E+11
Antigua,2014,1249733333
Argentina,2014,5.26E+11
Armenia,2014,11609512940
Aruba,2014,2790849162
Australia,2014,1.47E+12
Austria,2014,4.42E+11
Azerbaijan,2014,75244294275
Bahamas,2014,11142900000
Bahrain,2014,33387712766
Bangladesh,2014,1.73E+11
Barbados,2014,4696500000
Belarus,2014,78813839984
Belgium,2014,5.35E+11
Belize,2014,1667335061
Benin,2014,13284528654
Bermuda,2014,6413988000
Bhutan,2014,1907090813
Bolivia,2014,32996188013
Bosnia and Herzegovina,2014,18560861389
Botswana,2014,15654660710
Brazil,2014,2.46E+12
Brunei,2014,17098342541
Bulgaria,2014,57082011260
Burkina Faso,2014,13943016924
Burundi,2014,2705783272
Cambodia,2014,16702610842
Cameroon,2014,36386546918
Canada,2014,1.81E+12
Cape Verde,2014,1859898513
Central African Republic,2014,1894813505
Chad,2014,13940768066
Chile,2014,2.61E+11
China,2014,1.05E+13
Colombia,2014,3.81E+11
Comoros,2014,1149587652
Costa Rica,2014,52016408951
Croatia,2014,58330289757
Cuba,2014,80656000000
Cyprus,2014,23156850007
Czech Republic,2014,2.09E+11
Democratic Republic of the Congo,2014,35909040266
Denmark,2014,3.53E+11
Djibouti,2014,2214679081
Dominica,2014,520207407.4
Dominican Republic,2014,67179914027
Ecuador,2014,1.02E+11
Egypt,2014,3.06E+11
El Salvador,2014,22593470000
Equatorial Guinea,2014,21765453087
Eritrea,2014,2600000000
Estonia,2014,26598657881
Ethiopia,2014,55612228234
Fiji,2014,4856963230
Finland,2014,2.74E+11
France,2014,2.85E+12
Gabon,2014,18203968002
Gambia,2014,1229460602
Georgia,2014,17627003455
Germany,2014,3.88E+12
Ghana,2014,54782847753
Greece,2014,2.35E+11
Grenada,2014,911497407.4
Guatemala,2014,57852399964
Guinea,2014,8778473615
Guinea-Bissau,2014,1054915645
Guyana,2014,4127659492
Haiti,2014,15139264670
Honduras,2014,19618567250
Hong Kong,2014,2.91E+11
Hungary,2014,1.41E+11
Iceland,2014,17867662178
India,2014,2.04E+12
Indonesia,2014,8.91E+11
Iran,2014,4.33E+11
Iraq,2014,2.28E+11
Ireland,2014,2.59E+11
Israel,2014,3.11E+11
Italy,2014,2.16E+12
Ivory Coast,2014,35363533866
Jamaica,2014,13899228824
Japan,2014,4.90E+12
Jordan,2014,36847643521
Kazakhstan,2014,2.21E+11
Kenya,2014,68285768554
Kiribati,2014,179703165.4
Kuwait,2014,1.63E+11
Kyrgyzstan,2014,7468096567
Laos,2014,13279248479
Latvia,2014,31345148671
Lebanon,2014,48133414840
Lesotho,2014,2441053176
Liberia,2014,3225652000
Libya,2014,41142722414
Liechtenstein,2014,6657170923
Lithuania,2014,48533659592
Luxembourg,2014,68713294386
Macedonia,2014,11362272838
Madagascar,2014,12522957228
Malawi,2014,6047813437
Malaysia,2014,3.38E+11
Maldives,2014,3697351597
Mali,2014,14364937997
Malta,2014,11626281387
Marshall Islands,2014,182142800
Mauritania,2014,6592537782
Mauritius,2014,12803445934
Mexico,2014,1.32E+12
Micronesia,2014,319271200
Moldova,2014,9510219299
Monaco,2014,7069616049
Mongolia,2014,12226514722
Montenegro,2014,4587928884
Morocco,2014,1.10E+11
Mozambique,2014,17716084108
Myanmar,2014,63264891867
Namibia,2014,12435416060
Nauru,2014,104654365.2
Nepal,2014,22731602970
Netherlands,2014,8.91E+11
New Zealand,2014,2.01E+11
Nicaragua,2014,11880434071
Niger,2014,10862944204
Nigeria,2014,5.47E+11
North Korea,2014,17396000000
Norway,2014,4.98E+11
Oman,2014,80686929102
Pakistan,2014,2.44E+11
Palau,2014,241669800
Panama,2014,49921464365
Papua New Guinea,2014,23210682538
Paraguay,2014,40377987209
Peru,2014,2.01E+11
Philippines,2014,2.97E+11
Poland,2014,5.42E+11
Portugal,2014,2.30E+11
Puerto Rico,2014,1.02E+11
Qatar,2014,2.06E+11
Republic of Congo,2014,17889079958
Romania,2014,2.00E+11
Russia,2014,2.06E+12
Rwanda,2014,8241332517
Saint Kitts,2014,916566666.7
Saint Lucia,2014,1755130815
Saint Vincent,2014,727714814.8
Samoa,2014,756805940.2
San Marino,2014,1673973695
Sao Tome and Principe,2014,346528329.2
Saudi Arabia,2014,7.56E+11
Senegal,2014,19797254643
Serbia,2014,47062206678
Seychelles,2014,1343007845
Sierra Leone,2014,5015157816
Singapore,2014,3.15E+11
Slovakia,2014,1.01E+11
Slovenia,2014,49930685013
Solomon Islands,2014,1335538893
Somalia,2014,3963532302
South Africa,2014,3.81E+11
South Korea,2014,1.48E+12
Spain,2014,1.37E+12
Sri Lanka,2014,79356449841
Sudan,2014,49516748618
Suriname,2014,5240606061
Swaziland,2014,4422968340
Sweden,2014,5.82E+11
Switzerland,2014,7.34E+11
Syria,2014,21239000398
Tajikistan,2014,9112544556
Tanzania,2014,49964788814
Thailand,2014,4.07E+11
Timor-Leste,2014,1447307100
Togo,2014,4574986537
Tonga,2014,439878828
Trinidad and Tobago,2014,27615843098
Tunisia,2014,50271342086
Turkey,2014,9.39E+11
Turkmenistan,2014,43524210526
Tuvalu,2014,37290607.54
Uganda,2014,32612397758
Ukraine,2014,1.34E+11
United Arab Emirates,2014,4.03E+11
United Kingdom,2014,3.09E+12
Uruguay,2014,57236013086
USA,2014,1.75E+13
Uzbekistan,2014,80845384375
Vanuatu,2014,772315721.3
Venezuela,2014,4.82E+11
Vietnam,2014,1.86E+11
Yemen,2014,43228585321
Zambia,2014,27141023558
Zimbabwe,2014,19495519600
Afghanistan,2016,18116562465
Albania,2016,11861199831
Algeria,2016,1.60E+11
Andorra,2016,2896679212
Angola,2016,1.01E+11
Antigua,2016,1436585185
Argentina,2016,5.58E+11
Armenia,2016,10546135160
Aruba,2016,2983636872
Australia,2016,1.21E+12
Austria,2016,3.96E+11
Azerbaijan,2016,37867518957
Bahamas,2016,11992600000
Bahrain,2016,32234973404
Bangladesh,2016,2.21E+11
Barbados,2016,4830000000
Belarus,2016,47722657821
Belgium,2016,4.76E+11
Belize,2016,1789304088
Benin,2016,11821066153
Bermuda,2016,6899911000
Bhutan,2016,2158972129
Bolivia,2016,33941126200
Bosnia and Herzegovina,2016,16914287349
Botswana,2016,15082578065
Brazil,2016,1.80E+12
Brunei,2016,11400854268
Bulgaria,2016,53953897624
Burkina Faso,2016,12833363370
Burundi,2016,2732808557
Cambodia,2016,20016747754
Cameroon,2016,33814337900
Canada,2016,1.53E+12
Cape Verde,2016,1662998678
Central African Republic,2016,1825018191
Chad,2016,10097778354
Chile,2016,2.50E+11
China,2016,1.12E+13
Colombia,2016,2.83E+11
Comoros,2016,1012835518
Costa Rica,2016,58847016045
Croatia,2016,52295158344
Cuba,2016,91370000000
Cyprus,2016,20953442550
Czech Republic,2016,1.96E+11
Democratic Republic of the Congo,2016,37134799975
Denmark,2016,3.13E+11
Djibouti,2016,2603540257
Dominica,2016,576229629.6
Dominican Republic,2016,75704720190
Ecuador,2016,99937696000
Egypt,2016,3.32E+11
El Salvador,2016,24191430000
Equatorial Guinea,2016,11240808847
Eritrea,2016,2210000000
Estonia,2016,24056487771
Ethiopia,2016,74296618481
Fiji,2016,4930204230
Finland,2016,2.41E+11
France,2016,2.47E+12
Gabon,2016,14023890620
Gambia,2016,1484579844
Georgia,2016,15141758567
Germany,2016,3.47E+12
Ghana,2016,56165172899
Greece,2016,1.93E+11
Grenada,2016,1061640741
Guatemala,2016,66053725049
Guinea,2016,8595955581
Guinea-Bissau,2016,1179004941
Guyana,2016,4482697337
Haiti,2016,13987693739
Honduras,2016,21566622850
Hong Kong,2016,3.21E+11
Hungary,2016,1.29E+11
Iceland,2016,20793168031
India,2016,2.29E+12
Indonesia,2016,9.32E+11
Iran,2016,4.18E+11
Iraq,2016,1.67E+11
Ireland,2016,2.99E+11
Israel,2016,3.19E+11
Italy,2016,1.88E+12
Ivory Coast,2016,47964234560
Jamaica,2016,14077109397
Japan,2016,5.00E+12
Jordan,2016,39892551127
Kazakhstan,2016,1.37E+11
Kenya,2016,74815121315
Kiribati,2016,178328984.1
Kuwait,2016,1.09E+11
Kyrgyzstan,2016,6813092066
Laos,2016,15912495369
Latvia,2016,28064533352
Lebanon,2016,51389318291
Lesotho,2016,2114323794
Liberia,2016,3398419600
Libya,2016,26197143268
Liechtenstein,2016,6237264055
Lithuania,2016,43018087238
Luxembourg,2016,62174650367
Macedonia,2016,10672471861
Madagascar,2016,11848613735
Malawi,2016,5433040160
Malaysia,2016,3.01E+11
Maldives,2016,4379136462
Mali,2016,14026048691
Malta,2016,11721521913
Marshall Islands,2016,201510900
Mauritania,2016,6398744505
Mauritius,2016,12232463656
Mexico,2016,1.08E+12
Micronesia,2016,332265200
Moldova,2016,8071480541
Monaco,2016,6472990923
Mongolia,2016,11181350461
Montenegro,2016,4374128319
Morocco,2016,1.03E+11
Mozambique,2016,11936999283
Myanmar,2016,60291738935
Namibia,2016,10721994677
Nauru,2016,99723394.96
Nepal,2016,24524098184
Netherlands,2016,7.84E+11
New Zealand,2016,1.89E+11
Nicaragua,2016,13286083645
Niger,2016,10398862245
Nigeria,2016,4.05E+11
North Korea,2016,16789000000
Norway,2016,3.69E+11
Oman,2016,65441278668
Pakistan,2016,2.79E+11
Palau,2016,298300000
Panama,2016,57907695409
Papua New Guinea,2016,20759069103
Paraguay,2016,36089550659
Peru,2016,1.92E+11
Philippines,2016,3.19E+11
Poland,2016,4.73E+11
Portugal,2016,2.06E+11
Puerto Rico,2016,1.04E+11
Qatar,2016,1.52E+11
Republic of Congo,2016,10215989995
Romania,2016,1.88E+11
Russia,2016,1.28E+12
Rwanda,2016,8690485823
Saint Kitts,2016,1008888889
Saint Lucia,2016,1865513444
Saint Vincent,2016,774429629.6
Samoa,2016,799493884.3
San Marino,2016,1468377272
Sao Tome and Principe,2016,345495615
Saudi Arabia,2016,6.45E+11
Senegal,2016,19040312815
Serbia,2016,40692643373
Seychelles,2016,1426651769
Sierra Leone,2016,3674794530
Singapore,2016,3.19E+11
Slovakia,2016,89614053144
Slovenia,2016,44736333522
Solomon Islands,2016,1378551118
Somalia,2016,4198485404
South Africa,2016,3.24E+11
South Korea,2016,1.50E+12
Spain,2016,1.23E+12
Sri Lanka,2016,82401038710
Sudan,2016,42630376000
Suriname,2016,3317438911
Swaziland,2016,3816022047
Sweden,2016,5.16E+11
Switzerland,2016,6.96E+11
Syria,2016,12356980639
Tajikistan,2016,6992393787
Tanzania,2016,49774021003
Thailand,2016,4.13E+11
Timor-Leste,2016,1650618500
Togo,2016,6031632168
Tonga,2016,420540178.6
Trinidad and Tobago,2016,22386264807
Tunisia,2016,44360775649
Turkey,2016,8.70E+11
Turkmenistan,2016,36169428571
Tuvalu,2016,36547799.58
Uganda,2016,29203988815
Ukraine,2016,93355993629
United Arab Emirates,2016,3.57E+11
United Kingdom,2016,2.72E+12
Uruguay,2016,57236652490
USA,2016,1.87E+13
Uzbekistan,2016,86138288615
Vanuatu,2016,780889605.9
Venezuela,2016,2.79E+11
Vietnam,2016,2.05E+11
Yemen,2016,31317365269
Zambia,2016,20958412538
Zimbabwe,2016,20548678100
